feature_type,accuracy,precision,recall,f1_score
cqt_spectrogram,0.9639097744360903,0.9533066461770575,0.9759398496240602,0.9641814914882006
mel_spectrogram,0.9624060150375939,0.9475282617034054,0.9789473684210526,0.9628449343241222
mfcc,0.9578947368421052,0.9560236340168695,0.9609022556390977,0.9581943581768554
stft_spectrogram,0.9473684210526316,0.9324834156439222,0.9654135338345865,0.9482664246041027
cwt_spectrogram,0.9285714285714286,0.9230584231842599,0.9353383458646617,0.9287816131721579
chroma,0.7097744360902255,0.6981930189703897,0.7383458646616542,0.7170626939321705
