model,accuracy,precision,recall,f1_score
SVMRBF,0.9280701754385966,0.9061160738970858,0.9596491228070176,0.9317559494694826
LogisticRegression,0.9280701754385965,0.9247380644391315,0.9333333333333335,0.9289416583869148
GradientBoosting,0.9210526315789473,0.9126916951572185,0.9333333333333335,0.9226429819638883
LinearSVM,0.9192982456140352,0.9149730175802526,0.9263157894736841,0.9204131828571946
ExtraTrees,0.9087719298245615,0.8807785279639638,0.9473684210526315,0.9127760518474278
RandomForest,0.9043859649122806,0.8941968488562182,0.9192982456140352,0.906376356532506
DecisionTree,0.8719298245614034,0.8788647384180178,0.8614035087719297,0.8696472539231301
